{"v":"5.9.6","fr":30,"ip":0,"op":30,"w":200,"h":200,"nm":"cycle","ddd":0,"assets":[{"id":"image_0","w":160,"h":49,"u":"","p":"https://smartwinning.in/logo.png","e":1},{"id":"image_1","w":200,"h":200,"u":"","p":"https://smartwinning.in/spin.png","e":1}],"layers":[{"ddd":0,"ind":1,"ty":2,"nm":"logo.png","cl":"png","refId":"image_0","sr":1,"ks":{"o":{"a":0,"k":100,"ix":11},"r":{"a":0,"k":0,"ix":10},"p":{"a":0,"k":[100,100,0],"ix":2,"l":2},"a":{"a":0,"k":[80,24.5,0],"ix":1,"l":2},"s":{"a":1,"k":[{"i":{"x":[0.833,0.833,0.833],"y":[0.833,0.833,0.833]},"o":{"x":[0.167,0.167,0.167],"y":[0.167,0.167,0.167]},"t":0,"s":[80,80,100]},{"i":{"x":[0.833,0.833,0.833],"y":[0.833,0.833,0.833]},"o":{"x":[0.167,0.167,0.167],"y":[0.167,0.167,0.167]},"t":15,"s":[100,100,100]},{"t":30,"s":[80,80,100]}],"ix":6,"l":2}},"ao":0,"ip":0,"op":30,"st":0,"bm":0},{"ddd":0,"ind":2,"ty":2,"nm":"cycle.ai","cl":"ai","refId":"image_1","sr":1,"ks":{"o":{"a":0,"k":100,"ix":11},"r":{"a":1,"k":[{"i":{"x":[0.833],"y":[0.833]},"o":{"x":[0.167],"y":[0.167]},"t":0,"s":[0]},{"t":30,"s":[360]}],"ix":10},"p":{"a":0,"k":[100,100,0],"ix":2,"l":2},"a":{"a":0,"k":[100,100,0],"ix":1,"l":2},"s":{"a":0,"k":[100,100,100],"ix":6,"l":2}},"ao":0,"ip":0,"op":30,"st":0,"bm":0}],"markers":[]}